"","comparison","r_med","r_05","r_95","r_pd"
"1","global_early",0.122034134449704,-0.0635399565449597,0.308323556626514,0.8695
"2","global_late",-0.200940210183879,-0.32888282570666,-0.0743601892709816,0.99475
"3","object_early",1.00917663343372,0.374181705973953,1.64839666221783,0.997
"4","object_late",-1.00428366979388,-1.69831860750568,-0.334199154899191,0.99375
"5","spatial_early",0.886526413503301,0.363048640779859,1.43649134280193,0.998
"6","spatial_late",-1.03066156495115,-1.6203728453211,-0.474271876805615,0.99925
