{"hyperparams":{"7":{"best":0.8333333333333334,"λ":0.025353644939701114,"winlen":0.6299605249474366,"winstart":0.8888888888888888},"4":{"best":0.75,"λ":0.06734150657750822,"winlen":0.0625,"winstart":0.8888888888888888},"9":{"best":0.7916666666666666,"λ":0.04229242874389499,"winlen":0.09185840576722491,"winstart":1.0},"10":{"best":0.7916666666666666,"λ":0.10235310218990261,"winlen":0.0625,"winstart":0.8888888888888888},"2":{"best":0.75,"λ":0.029150530628251774,"winlen":0.19842513149602492,"winstart":0.7777777777777778},"3":{"best":0.7916666666666666,"λ":0.03511191734215131,"winlen":0.4286219914265364,"winstart":0.0},"5":{"best":0.8333333333333334,"λ":0.06135907273413173,"winlen":0.2916322598940292,"winstart":0.5555555555555556},"8":{"best":0.75,"λ":0.03853528593710529,"winlen":0.09185840576722491,"winstart":0.6666666666666666},"6":{"best":0.7916666666666666,"λ":0.0774263682681127,"winlen":0.2916322598940292,"winstart":0.5555555555555556},"1":{"best":0.8333333333333334,"λ":0.07054802310718641,"winlen":0.13500746736153826,"winstart":0.6666666666666666}},"gitcommit":"d0466b21d78ff2861b1769d8fbd4d716bd63a90f","fold_map":{"30":2,"33":10,"32":9,"16":9,"11":4,"21":3,"9":6,"25":5,"10":5,"34":1,"35":6,"29":10,"19":2,"17":10,"8":3,"22":5,"24":8,"28":8,"14":1,"13":3,"31":7,"27":8,"12":7,"18":4}}