{"salience_behavior":{"gvo_saldiff":{"value":1.71913745748795,"pi05":1.14554857794197,"pi95":2.59843119830098,"pd":0.98475,"D":0.15417673040451},"gvs_saldiff":{"value":1.52292935300827,"pi05":1.02100632329371,"pi95":2.32566985613579,"pd":0.9575,"D":0.119924704537788},"ovs_saldiff":{"value":1.13336961061204,"pi05":0.751762819788638,"pi95":1.70955700532409,"pd":0.6935,"D":0.0357230795205406}}}