{"speaker_order":["vadem","mensc","letzt"],"normval":5,"analysis_len":64,"synthesis_len":74,"target_len":1,"switch_len":1.2,"min_stay_len":0.5,"jitter_period":0.2,"min_target_start":1.5,"test_block_cfg":{"target_cases":[[1,1],[1,2],[2,1],[2,2],[-1,-1]],"target_probs":[0.3,0.2,0.2,0.1,0.2],"num_trials":50,"trial_sentences":[[16,14,44],[9,24,15],[10,38,30],[24,39,1],[17,45,21],[8,4,28],[56,40,20],[26,7,49],[36,28,34],[34,21,58],[20,36,19],[44,50,24],[32,60,35],[5,16,39],[18,10,38],[14,31,40],[31,42,14],[68,44,49],[1,23,51],[21,8,22],[23,51,5],[3,27,54],[2,30,56],[15,57,53],[12,20,3],[64,17,48],[30,58,55],[28,29,23],[35,47,8],[25,49,10],[33,5,16],[22,1,9],[57,18,48],[59,37,3],[41,33,57],[39,6,26],[11,46,52],[49,61,50],[50,19,55],[7,48,12],[13,54,33],[43,52,4],[45,12,57],[54,2,29],[38,15,37],[58,41,17],[27,53,31],[29,55,32],[60,26,45],[52,9,47]],"trial_target_speakers":[1,1,1,1,1,1,1,1,1,1,1,1,1,1,1,1,1,1,1,1,1,1,1,1,1,2,2,2,2,2,2,2,2,2,2,2,2,2,2,2,-1,-1,-1,-1,-1,-1,-1,-1,-1,-1],"trial_target_dir":["left","left","left","left","left","left","left","left","left","left","left","left","left","left","left","right","right","right","right","right","right","right","right","right","right","left","left","left","left","left","left","left","left","left","left","right","right","right","right","right","none","none","none","none","none","none","none","none","none","none"],"target_times":[3.5893424036281179,2.5679818594104309,2.8622675736961449,4.11750566893424,4.3165079365079366,3.9271201814058956,2.6391383219954649,2.75297052154195,3.4358730158730157,4.1763265306122452,2.8542403628117912,2.9871201814058956,3.3131065759637188,2.5377777777777779,2.5385487528344672,1.5034013605442176,5.77859410430839,6.4689342403628114,1.919954648526077,5.7380952380952381,5.4563718820861675,1.5941496598639455,1.546077097505669,1.5051700680272109,5.5621768707482993,6.2852607709750563,5.5756462585034017,6.0490249433106573,5.8537868480725628,5.2696598639455781,5.8662131519274379,6.0950566893424032,5.4293877551020406,6.1820861678004535,1.5783219954648526,4.7374603174603171,2.5088888888888889,2.4761451247165533,2.5713832199546487,2.4604988662131517,0,0,0,0,0,0,0,0,0,0],"target_indices":[79145,56624,63113,90791,95179,86593,58193,60703,75761,92088,62936,65866,73054,55958,55975,33150,127418,142640,42335,126525,120313,35151,34091,33189,122646,138590,122943,133381,129076,116196,129350,134396,119718,136315,34802,104461,55321,54599,56699,54254,0,0,0,0,0,0,0,0,0,0],"switch_times":[[14484,40945,67406,69255,95716,122177,144694,171155,197616],[18052,44513,70974,71680,98141,124602,167266,193727,220188],[16907,43368,69829,77899,104360,130821,169980,196441,222902],[18734,45195,71656,103092,129553,156014,169758,196219,222680],[16563,43024,69485,88997,115458,141919,163098,189559,216020],[11353,37814,64275,77334,103795,130256,149062,175523,201984],[13334,39795,66256,76633,103094,129555,140973,167434,193895],[22005,48466,74927,75592,102053,128514,150406,176867,203328],[12917,39378,65839,106091,132552,159013,160316],[12534,38995,65456,105840,132301,158762,160316],[11910,38371,64832,67386,93847,120308,159078,185539,212000],[12415,38876,65337,77686,104147,130608,142867,169328,195789],[23343,49804,76265,82728,109189,135650,157905,184366,210827],[11473,37934,64395,69491,95952,122413,134931,161392,187853],[15571,42032,68493,82627,109088,135549,153374,179835,206296],[62072,88533,114994,115581,142042,168503,169675],[18015,44476,70937,85626,112087,138548,152429,178890,205351],[12697,39158,65619,84387,110848,137309,153547,180008,206469],[53272,79733,106194,107473,133934,160395,170439],[15389,41850,68311,69600,96061,122522,139274,165735,192196],[15862,42323,68784,69010,95471,121932,143647,170108,196569],[47478,73939,100400,105947,132408,158869,165237],[51074,77535,103996,111083,137544,164005,165237],[45928,72389,98850,108293,134754,161215,167838],[26334,52795,79256,80244,106705,133166,144530,170991,197452],[18170,44631,71092,72771,99232,125693,142572,169033,195494],[24698,51159,77620,77824,104285,130746,144076,170537,196998],[11441,37902,64363,71709,98170,124631,143790,170251,196712],[15132,41593,68054,69383,95844,122305,136623,163084,189545],[21717,48178,74639,75088,101549,128010,139560,166021,192482],[17055,43516,69977,72626,99087,125548,142076,168537,194998],[13142,39603,66064,68338,94799,121260,142578,169039,195500],[11382,37843,64304,69602,96063,122524,135649,162110,188571],[11533,37994,64455,66070,92531,118992,130770,157231,183692],[49911,76372,102833,117017,143478,169939,174869],[59650,86111,112572,118631,145092,171553,174869],[12934,39395,65856,66311,92772,119233,130326,156787,183248],[12841,39302,65763,69281,95742,122203,140214,166675,193136],[13542,40003,66464,67911,94372,120833,138568,165029,191490],[12377,38838,65299,65400,91861,118322,129911,156372,182833],[45072,71533,97994,119067,145528,171989,177325],[47860,74321,100782,119889,146350,172811,173684],[32865,59326,85787,103734,130195,156656,173684],[14203,40664,67125,68266,94727,121188,132323,158784,185245],[48433,74894,101355,123576,150037,176498,178856],[28265,54726,81187,114643,141104,167565,179776],[29032,55493,81954,113808,140269,166730,177915],[41866,68327,94788,119588,146049,172510,177915],[11310,37771,64232,64424,90885,117346,128754,155215,181676],[11103,37564,64025,64870,91331,117792,128851,155312,181773]],